character_name,series_name,figure_name,price,probability,figure_photo
Peach Riot,Rise Up,Poppy: Baddie on Bass,$17.99,1/12,
Peach Riot,Rise Up,Gigi: Lil' Lead,$17.99,1/12,
Peach Riot,Rise Up,Frankie: Sick Beats,$17.99,1/12,
Peach Riot,Rise Up,Poppy: Business,$17.99,1/12,
Peach Riot,Rise Up,Gigi: Brain Stormer,$17.99,1/12,
Peach Riot,Rise Up,Frankie: The Boss,$17.99,1/12,
Peach Riot,Rise Up,Poppy: Cutie,$17.99,1/12,
Peach Riot,Rise Up,Gigi: Pop Star,$17.99,1/12,
Peach Riot,Rise Up,Frankie: Diva,$17.99,1/12,
Peach Riot,Rise Up,Poppy: Electric Funk,$17.99,1/12,
Peach Riot,Rise Up,Gigi: The Singer,$17.99,1/12,
Peach Riot,Rise Up,Frankie: The Rhythm,$17.99,1/12,
Peach Riot,Rise Up,Gigi: The Gleeman,$17.99,1/144,
Peach Riot,Punk Fairy,Poppy: Daisy,$17.99,1/12,
Peach Riot,Punk Fairy,Gigi: Sweet Pea,$17.99,1/12,
Peach Riot,Punk Fairy,Frankie: Sunflower,$17.99,1/12,
Peach Riot,Punk Fairy,Poppy: Tree Stump,$17.99,1/12,
Peach Riot,Punk Fairy,Gigi: Mushroom,$17.99,1/12,
Peach Riot,Punk Fairy,Frankie: Lily Pad,$17.99,1/12,
Peach Riot,Punk Fairy,Poppy: Acorn,$17.99,1/12,
Peach Riot,Punk Fairy,Gigi: Leaf,$17.99,1/12,
Peach Riot,Punk Fairy,Frankie: Rainstorm,$17.99,1/12,
Peach Riot,Punk Fairy,Poppy: Morning Dew,$17.99,1/12,
Peach Riot,Punk Fairy,Gigi: Ice,$17.99,1/12,
Peach Riot,Punk Fairy,Frankie: Moonrise,$17.99,1/12,
Peach Riot,Punk Fairy,Poppy: Strawberry,$17.99,1/144,
Peach Riot,Lil' Peach Riot: Loading!,Frankie: Dancer,$16.99,1/12,
Peach Riot,Lil' Peach Riot: Loading!,Gigi: Fire,$16.99,1/12,
Peach Riot,Lil' Peach Riot: Loading!,Poppy: Valkyrie,$16.99,1/12,
Peach Riot,Lil' Peach Riot: Loading!,Frankie: Scout,$16.99,1/12,
Peach Riot,Lil' Peach Riot: Loading!,Gigi: Darkness,$16.99,1/12,
Peach Riot,Lil' Peach Riot: Loading!,Poppy: Princess,$16.99,1/12,
Peach Riot,Lil' Peach Riot: Loading!,Frankie: Knight,$16.99,1/12,
Peach Riot,Lil' Peach Riot: Loading!,Gigi: Thief,$16.99,1/12,
Peach Riot,Lil' Peach Riot: Loading!,Poppy: Saint,$16.99,1/12,
Peach Riot,Lil' Peach Riot: Loading!,Frankie: Mage,$16.99,1/12,
Peach Riot,Lil' Peach Riot: Loading!,Gigi: Cheerleader,$16.99,1/12,
Peach Riot,Lil' Peach Riot: Loading!,Poppy: Starlight,$16.99,1/12,
Peach Riot,Lil' Peach Riot: Loading!,Gigi: Stylist,$16.99,1/144,
Peach Riot,Rush Hour,Gigi: Diner,$17.99,1/12,
Peach Riot,Rush Hour,Frankie: Barista,$17.99,1/12,
Peach Riot,Rush Hour,Poppy: Ice Cream Parlor,$17.99,1/12,
Peach Riot,Rush Hour,Gigi: HouseKeeping,$17.99,1/12,
Peach Riot,Rush Hour,Frankie: Autoshop,$17.99,1/12,
Peach Riot,Rush Hour,Poppy: Scientist,$17.99,1/12,
Peach Riot,Rush Hour,Gigi: Mail Delivery,$17.99,1/12,
Peach Riot,Rush Hour,Frankie: Tutor,$17.99,1/12,
Peach Riot,Rush Hour,Poppy: Receptionist,$17.99,1/12,
Peach Riot,Rush Hour,Gigi: Cat Walker,$17.99,1/12,
Peach Riot,Rush Hour,Frankie: Camp Counselor,$17.99,1/12,
Peach Riot,Rush Hour,Poppy: Life Guard,$17.99,1/12,
Peach Riot,Rush Hour,Frankie: Streamer,$17.99,1/144,
Skullpanda,Warmth,The Raining Day,$15.99,1/12,
Skullpanda,Warmth,The Encounter,$15.99,1/12,
Skullpanda,Warmth,The Day Off,$15.99,1/12,
Skullpanda,Warmth,Enjoy Oneself,$15.99,1/12,
Skullpanda,Warmth,Mind With The Wind,$15.99,1/12,
Skullpanda,Warmth,Doodling,$15.99,1/12,
Skullpanda,Warmth,Wandering,$15.99,1/12,
Skullpanda,Warmth,Recall The Past,$15.99,1/12,
Skullpanda,Warmth,Chirping,$15.99,1/12,
Skullpanda,Warmth,Loosening,$15.99,1/12,
Skullpanda,Warmth,Taste From The Memory,$15.99,1/12,
Skullpanda,Warmth,The Scent,$15.99,1/12,
Skullpanda,Warmth,The Warmth,$15.99,1/144,
Skullpanda,Ancient Castle,Phantom,$14.99,1/12,
Skullpanda,Ancient Castle,Chamberlain,$14.99,1/12,
Skullpanda,Ancient Castle,Bell-ringer,$14.99,1/12,
Skullpanda,Ancient Castle,Bloody Rose,$14.99,1/12,
Skullpanda,Ancient Castle,Nurse,$14.99,1/12,
Skullpanda,Ancient Castle,Baby Zombie,$14.99,1/12,
Skullpanda,Ancient Castle,Fake Evil,$14.99,1/12,
Skullpanda,Ancient Castle,Fake Angle,$14.99,1/12,
Skullpanda,Ancient Castle,Boring Explorer,$14.99,1/12,
Skullpanda,Ancient Castle,Gargoyle,$14.99,1/12,
Skullpanda,Ancient Castle,Vampire,$14.99,1/12,
Skullpanda,Ancient Castle,Skeleton,$14.99,1/12,
Skullpanda,Ancient Castle,Bloody Knight,$14.99,1/144,
Skullpanda,The Mare of Animals,The Fox,$15.99,1/12,https://prod-america-res.popmart.com/default/1_fOSd1qmbs1_1200x1200.jpg
Skullpanda,The Mare of Animals,The Penguin,$15.99,1/12,https://prod-america-res.popmart.com/default/3_XQ39gwHWlI_1200x1200.jpg
Skullpanda,The Mare of Animals,The Unicorn,$15.99,1/12,https://prod-america-res.popmart.com/default/4_ABrR1A77Yw_1200x1200.jpg
Skullpanda,The Mare of Animals,The Rat,$15.99,1/12,https://prod-america-res.popmart.com/default/5_67Tw4Wsnxv_1200x1200.jpg
Skullpanda,The Mare of Animals,The Blue Morpho,$15.99,1/12,https://prod-america-res.popmart.com/default/6_WDRRKu0gux_1200x1200.jpg
Skullpanda,The Mare of Animals,The Passenger Pigeon,$15.99,1/12,https://prod-america-res.popmart.com/default/7_50Cfx2EgHV_1200x1200.jpg
Skullpanda,The Mare of Animals,The Rabbit,$15.99,1/12,https://prod-america-res.popmart.com/default/8_5JltH7gmHw_1200x1200.jpg
Skullpanda,The Mare of Animals,The Polar Bear,$15.99,1/12,https://prod-america-res.popmart.com/default/9_z9N1BmdZr1_1200x1200.jpg
Skullpanda,The Mare of Animals,The Halobios,$15.99,1/12,https://prod-america-res.popmart.com/default/10_ETxblQpYnW_1200x1200.jpg
Skullpanda,The Mare of Animals,The Feline,$15.99,1/12,https://prod-america-res.popmart.com/default/11_EPhFAxT3zl_1200x1200.jpg
Skullpanda,The Mare of Animals,The Elephant,$15.99,1/12,https://prod-america-res.popmart.com/default/12_QkOorMvCDY_1200x1200.jpg
Skullpanda,The Mare of Animals,The Moth,$15.99,1/12,https://prod-america-res.popmart.com/default/12_QkOorMvCDY_1200x1200.jpg
Skullpanda,The Mare of Animals,The Dream Eater,$15.99,1/144,https://prod-america-res.popmart.com/default/2_IzLYwPDAsh_1200x1200.jpg
Skullpanda,City of Night,Naughty Bodyguard,$15.99,1/12,https://prod-america-res.popmart.com/default/2_0upMrdjczp_1200x1200.jpg
Skullpanda,City of Night,Pet Cat,$15.99,1/12,https://prod-america-res.popmart.com/default/3_eqkVynciXA_1200x1200.jpg
Skullpanda,City of Night,The Princess,$15.99,1/12,https://prod-america-res.popmart.com/default/4_FU2Q4AdVTq_1200x1200.jpg
Skullpanda,City of Night,DJ Player,$15.99,1/12,https://prod-america-res.popmart.com/default/5_BfwxkZ7f2y_1200x1200.jpg
Skullpanda,City of Night,Law Executor,$15.99,1/12,https://prod-america-res.popmart.com/default/1_zuniU1DV0j_1200x1200.jpg
Skullpanda,City of Night,Traveller,$15.99,1/12,https://prod-america-res.popmart.com/default/7_5mvoixvviv_1200x1200.jpg
Skullpanda,City of Night,Meditator,$15.99,1/12,https://prod-america-res.popmart.com/default/8_AUy16buMIo_1200x1200.jpg
Skullpanda,City of Night,Puppet Singer,$15.99,1/12,https://prod-america-res.popmart.com/default/9_U32kfZavx1_1200x1200.jpg
Skullpanda,City of Night,Ardent Youth,$15.99,1/12,https://prod-america-res.popmart.com/default/10_lvUBXrxFmz_1200x1200.jpg
Skullpanda,City of Night,Dancer,$15.99,1/12,https://prod-america-res.popmart.com/default/11_WIdBHgE1I1_1200x1200.jpg
Skullpanda,City of Night,Heart Seeker,$15.99,1/12,https://prod-america-res.popmart.com/default/12_Vmc7Rt7omq_1200x1200.jpg
Skullpanda,City of Night,Scroll Delivery,$15.99,1/12,https://prod-america-res.popmart.com/default/6_4PCN4fbOQx_1200x1200.jpg
Skullpanda,City of Night,Guardian of Night,$15.99,1/144,https://prod-america-res.popmart.com/default/13_dEDYKKqljK_1200x1200.jpg
Skullpanda,Laid Back Tomorrow,Full of Sweetness,$19.99,1/9,https://prod-america-res.popmart.com/default/2_eCZF1Yq457_1200x1200.jpg
Skullpanda,Laid Back Tomorrow,Easy Off-roading,$19.99,1/9,https://prod-america-res.popmart.com/default/1_LlExN96m4h_1200x1200.jpg
Skullpanda,Laid Back Tomorrow,Catch The Moment,$19.99,1/9,https://prod-america-res.popmart.com/default/3_9igeq1L4KL_1200x1200.jpg
Skullpanda,Laid Back Tomorrow,Hasty Trail,$19.99,1/9,https://prod-america-res.popmart.com/default/4_Dbe0V4Lt3d_1200x1200.jpg
Skullpanda,Laid Back Tomorrow,Rushing Out,$19.99,1/9,https://prod-america-res.popmart.com/default/5_stQBwGFU8s_1200x1200.jpg
Skullpanda,Laid Back Tomorrow,Dispatch Surprise,$19.99,1/9,https://prod-america-res.popmart.com/default/6_Q8Dg6QpBZ9_1200x1200.jpg
Skullpanda,Laid Back Tomorrow,Fantasy Route,$19.99,1/9,https://prod-america-res.popmart.com/default/7_04SY9Iy1E2_1200x1200.jpg
Skullpanda,Laid Back Tomorrow,Blue Water Shortcut,$19.99,1/9,https://prod-america-res.popmart.com/default/8_uwwzpk0seb_1200x1200.jpg
Skullpanda,Laid Back Tomorrow,Out in the Street,$19.99,1/9,https://prod-america-res.popmart.com/default/9_oWNG3U7IZ9_1200x1200.jpg
Skullpanda,Laid Back Tomorrow,Coffee Express,$19.99,1/108,https://prod-america-res.popmart.com/default/cecret_fLiBF55cdC_1200x1200.jpg
Skullpanda,Everyday Wonderland,The Bold,$15.99,1/12,https://prod-america-res.popmart.com/default/1_ctfHrx1ZkF_1200x1200.jpg
Skullpanda,Everyday Wonderland,The Anxious,$15.99,1/12,https://prod-america-res.popmart.com/default/2_1e10AW0H9w_1200x1200.jpg
Skullpanda,Everyday Wonderland,The Preachy,$15.99,1/12,https://prod-america-res.popmart.com/default/3_URtbgWkDMx_1200x1200.jpg
Skullpanda,Everyday Wonderland,The Sophisticated,$15.99,1/12,https://prod-america-res.popmart.com/default/4_OvHoEfUxht_1200x1200.jpg
Skullpanda,Everyday Wonderland,The Sleepless,$15.99,1/12,https://prod-america-res.popmart.com/default/5_zZNiE3JM1K_1200x1200.jpg
Skullpanda,Everyday Wonderland,The Fidgety,$15.99,1/12,https://prod-america-res.popmart.com/default/6_qnMHVYdL7A_1200x1200.jpg
Skullpanda,Everyday Wonderland,The Fatuous,$15.99,1/12,https://prod-america-res.popmart.com/default/7_6blPF889AX_1200x1200.jpg
Skullpanda,Everyday Wonderland,The Petulant,$15.99,1/12,https://prod-america-res.popmart.com/default/8_0xbpMXJOCC_1200x1200.jpg
Skullpanda,Everyday Wonderland,The Timid,$15.99,1/12,https://prod-america-res.popmart.com/default/9_Felht6YMby_1200x1200.jpg
Skullpanda,Everyday Wonderland,The Obedient,$15.99,1/12,https://prod-america-res.popmart.com/default/10_g8wAI7dgsD_1200x1200.jpg
Skullpanda,Everyday Wonderland,The Cold-hearted,$15.99,1/12,https://prod-america-res.popmart.com/default/11_01wNX6W5N8_1200x1200.jpg
Skullpanda,Everyday Wonderland,The Lethargic,$15.99,1/12,https://prod-america-res.popmart.com/default/12_BmjJUB1nZs_1200x1200.jpg
Skullpanda,Everyday Wonderland,Thing in Itself,$15.99,1/144,https://prod-america-res.popmart.com/default/secret_t6UGKSEzwM_1200x1200.jpg
Skullpanda,The Ink Plum Blossom,The Forest,$15.99,1/12,https://prod-america-res.popmart.com/default/20231030_173333_133835__1200x1200.jpg
Skullpanda,The Ink Plum Blossom,The Moss,$15.99,1/12,https://prod-america-res.popmart.com/default/20231030_173333_915593__1200x1200.jpg
Skullpanda,The Ink Plum Blossom,The Bamboo,$15.99,1/12,https://prod-america-res.popmart.com/default/20231030_173333_812876__1200x1200.jpg
Skullpanda,The Ink Plum Blossom,The Snow,$15.99,1/12,https://prod-america-res.popmart.com/default/20231030_173333_501351__1200x1200.jpg
Skullpanda,The Ink Plum Blossom,The Wind,$15.99,1/12,https://prod-america-res.popmart.com/default/20231030_173333_016394__1200x1200.jpg
Skullpanda,The Ink Plum Blossom,The Bridge,$15.99,1/12,https://prod-america-res.popmart.com/default/20231030_173333_225230__1200x1200.jpg
Skullpanda,The Ink Plum Blossom,The Moon,$15.99,1/12,https://prod-america-res.popmart.com/default/20231030_173333_496774__1200x1200.jpg
Skullpanda,The Ink Plum Blossom,The Root,$15.99,1/12,https://prod-america-res.popmart.com/default/20231030_173333_771030__1200x1200.jpg
Skullpanda,The Ink Plum Blossom,The Valley,$15.99,1/12,https://prod-america-res.popmart.com/default/20231030_173333_014074__1200x1200.jpg
Skullpanda,The Ink Plum Blossom,The Spring,$15.99,1/12,https://prod-america-res.popmart.com/default/20231030_173333_445782__1200x1200.jpg
Skullpanda,The Ink Plum Blossom,The Scene,$15.99,1/12,https://prod-america-res.popmart.com/default/20231030_173333_938584__1200x1200.jpg
Skullpanda,The Ink Plum Blossom,The Courtyard,$15.99,1/12,https://prod-america-res.popmart.com/default/20231030_173333_250755__1200x1200.jpg
Skullpanda,The Ink Plum Blossom,The Plum Blossom,$15.99,1/144,https://prod-america-res.popmart.com/default/20231030_173333_009457__1200x1200.jpg
Skullpanda,Image of Reality,The Timelapse,$15.99,1/12,https://prod-america-res.popmart.com/default/20240208_184405_103357__1200x1200.jpg
Skullpanda,Image of Reality,The Paradox,$15.99,1/12,https://prod-america-res.popmart.com/default/20240208_184358_997355__1200x1200.jpg
Skullpanda,Image of Reality,The Pivot,$15.99,1/12,https://prod-america-res.popmart.com/default/20240208_184401_542197__1200x1200.jpg
Skullpanda,Image of Reality,The Merchant,$15.99,1/12,https://prod-america-res.popmart.com/default/20240208_184339_303446__1200x1200.jpg
Skullpanda,Image of Reality,The Soar,$15.99,1/12,https://prod-america-res.popmart.com/default/20240208_184344_365486__1200x1200.jpg
Skullpanda,Image of Reality,The Constraint,$15.99,1/12,https://prod-america-res.popmart.com/default/20240208_184334_955985__1200x1200.jpg
Skullpanda,Image of Reality,The Duality (White),$15.99,1/12,https://prod-america-res.popmart.com/default/20240208_184251_579387__1200x1200.jpg
Skullpanda,Image of Reality,The Duality (Black),$15.99,1/12,https://prod-america-res.popmart.com/default/20240208_184302_503237__1200x1200.jpg
Skullpanda,Image of Reality,The Philosophy,$15.99,1/12,https://prod-america-res.popmart.com/default/20240208_184315_103764__1200x1200.jpg
Skullpanda,Image of Reality,The Imagination,$15.99,1/12,https://prod-america-res.popmart.com/default/20240208_184331_510951__1200x1200.jpg
Skullpanda,Image of Reality,The Disguise,$15.99,1/12,https://prod-america-res.popmart.com/default/20240208_184237_846122__1200x1200.jpg
Skullpanda,Image of Reality,The Antigravity,$15.99,1/12,"https://prod-america-res.popmart.com/default/20240208_184245_304687__1200x1200.jpg?x-oss-process=image/resize,p_30,format,webp,format,webp"
Skullpanda,Image of Reality,The Onlooker,$15.99,1/144,https://prod-america-res.popmart.com/default/20240307_144126_819536__1200x1200.jpg
Skullpanda,The Sound,The Joy,$16.99,1/12,https://prod-america-res.popmart.com/default/20240619_183041_137243____skullpanda-the-sound-series-figures-blind-boxes-pop-mart-us-1_____1200x1200.jpg
Skullpanda,The Sound,The Anger,$16.99,1/12,https://prod-america-res.popmart.com/default/20240619_183041_619387____skullpanda-the-sound-series-figures-blind-boxes-pop-mart-us-2_____1200x1200.jpg
Skullpanda,The Sound,The Serenity,$16.99,1/12,https://prod-america-res.popmart.com/default/20240619_183041_594812____skullpanda-the-sound-series-figures-blind-boxes-pop-mart-us-3_____1200x1200.jpg
Skullpanda,The Sound,The Pensiveness,$16.99,1/12,https://prod-america-res.popmart.com/default/20240619_183041_817858____skullpanda-the-sound-series-figures-blind-boxes-pop-mart-us-4_____1200x1200.jpg
Skullpanda,The Sound,The Trust,$16.99,1/12,https://prod-america-res.popmart.com/default/20240619_183041_950480____skullpanda-the-sound-series-figures-blind-boxes-pop-mart-us-5_____1200x1200.jpg
Skullpanda,The Sound,The Disgust,$16.99,1/12,https://prod-america-res.popmart.com/default/20240619_183041_658908____skullpanda-the-sound-series-figures-blind-boxes-pop-mart-us-6_____1200x1200.jpg
Skullpanda,The Sound,The Ecstasy,$16.99,1/12,https://prod-america-res.popmart.com/default/20240619_183041_751088____skullpanda-the-sound-series-figures-blind-boxes-pop-mart-us-7_____1200x1200.jpg
Skullpanda,The Sound,The Grief,$16.99,1/12,https://prod-america-res.popmart.com/default/20240619_183041_570468____skullpanda-the-sound-series-figures-blind-boxes-pop-mart-us-8_____1200x1200.jpg
Skullpanda,The Sound,The Admiration,$16.99,1/12,https://prod-america-res.popmart.com/default/20240619_183041_863330____skullpanda-the-sound-series-figures-blind-boxes-pop-mart-us-9_____1200x1200.jpg
Skullpanda,The Sound,The Terror,$16.99,1/12,https://prod-america-res.popmart.com/default/20240619_183041_896323____skullpanda-the-sound-series-figures-blind-boxes-pop-mart-us-10_____1200x1200.jpg
Skullpanda,The Sound,The Vigilance,$16.99,1/12,https://prod-america-res.popmart.com/default/20240619_183041_153449____skullpanda-the-sound-series-figures-blind-boxes-pop-mart-us-11_____1200x1200.jpg
Skullpanda,The Sound,The Awe,$16.99,1/12,https://prod-america-res.popmart.com/default/20240619_183041_902872____skullpanda-the-sound-series-figures-blind-boxes-pop-mart-us-12_____1200x1200.jpg
Skullpanda,The Sound,The Equilibrium,$16.99,1/144,https://prod-america-res.popmart.com/default/20240619_183041_629329____skullpanda-the-sound-series-figures-blind-boxes-pop-mart-us-secret_____1200x1200.jpg
Skullpanda,Tell Me What You Want,Still on the Job,$16.99,1/9,https://prod-america-res.popmart.com/default/20241031_180652_780456____1_skullpanda-tell-me-what-you-want-series-figures_blind-boxes_details_popmart-us_____1200x1200.jpg
Skullpanda,Tell Me What You Want,Fun Ride,$16.99,1/9,https://prod-america-res.popmart.com/default/20241031_180652_812959____4_skullpanda-tell-me-what-you-want-series-figures_blind-boxes_details_popmart-us_____1200x1200.jpg
Skullpanda,Tell Me What You Want,Baking Best Wishes,$16.99,1/9,https://prod-america-res.popmart.com/default/20241031_180652_773592____8_skullpanda-tell-me-what-you-want-series-figures_blind-boxes_details_popmart-us_____1200x1200.jpg
Skullpanda,Tell Me What You Want,Getting Dressed,$16.99,1/9,https://prod-america-res.popmart.com/default/20241031_180652_186218____3_skullpanda-tell-me-what-you-want-series-figures_blind-boxes_details_popmart-us_____1200x1200.jpg
Skullpanda,Tell Me What You Want,Sweetest Rebel,$16.99,1/9,https://prod-america-res.popmart.com/default/20241031_180652_518786____5_skullpanda-tell-me-what-you-want-series-figures_blind-boxes_details_popmart-us_____1200x1200.jpg
Skullpanda,Tell Me What You Want,Let it Snow,$16.99,1/9,https://prod-america-res.popmart.com/default/20241031_180652_864195____7_skullpanda-tell-me-what-you-want-series-figures_blind-boxes_details_popmart-us_____1200x1200.jpg
Skullpanda,Tell Me What You Want,Jingle All the Way (Green),$16.99,1/9,https://prod-america-res.popmart.com/default/20241031_180652_755518____6_skullpanda-tell-me-what-you-want-series-figures_blind-boxes_details_popmart-us_____1200x1200.jpg
Skullpanda,Tell Me What You Want,On Schedule,$16.99,1/9,https://prod-america-res.popmart.com/default/20241031_180652_699240____2_skullpanda-tell-me-what-you-want-series-figures_blind-boxes_details_popmart-us_____1200x1200.jpg
Skullpanda,Tell Me What You Want,Home Alone,$16.99,1/9,https://prod-america-res.popmart.com/default/20241031_180652_210364____9_skullpanda-tell-me-what-you-want-series-figures_blind-boxes_details_popmart-us_____1200x1200.jpg
Skullpanda,Tell Me What You Want,Jingle All the Way (Red),$16.99,1/27,https://prod-america-res.popmart.com/default/20241031_180652_506359____secret_skullpanda-tell-me-what-you-want-series-figures_blind-boxes_details_popmart-us_____1200x1200.jpg
Skullpanda,Tell Me What You Want,As I Wish,$16.99,1/108,https://prod-america-res.popmart.com/default/20241031_180653_508851____super-secret_skullpanda-tell-me-what-you-want-series-figures_blind-boxes_details_popmart-us_____1200x1200.jpg
Skullpanda,Winter Symphony,Rock On,$27.99,1/6,https://prod-america-res.popmart.com/default/20241129_141930_622157____2_skullpanda-winter-symphony-series-plush_blind-boxes_details_popmart-us_____1200x1200.jpg
Skullpanda,Winter Symphony,Rhapsody,$27.99,1/6,https://prod-america-res.popmart.com/default/20241129_141930_033528____1_skullpanda-winter-symphony-series-plush_blind-boxes_details_popmart-us_____1200x1200.jpg
Skullpanda,Winter Symphony,Partita,$27.99,1/6,https://prod-america-res.popmart.com/default/20241129_141930_989075____3_skullpanda-winter-symphony-series-plush_blind-boxes_details_popmart-us_____1200x1200.jpg
Skullpanda,Winter Symphony,Wanderer's Tune,$27.99,1/6,https://prod-america-res.popmart.com/default/20241129_141930_991118____4_skullpanda-winter-symphony-series-plush_blind-boxes_details_popmart-us_____1200x1200.jpg
Skullpanda,Winter Symphony,Ode to Cocoa,$27.99,1/6,https://prod-america-res.popmart.com/default/20241129_141930_721629____5_skullpanda-winter-symphony-series-plush_blind-boxes_details_popmart-us_____1200x1200.jpg
Skullpanda,Winter Symphony,Song of Snow,$27.99,1/6,https://prod-america-res.popmart.com/default/20241129_141930_639083____6_skullpanda-winter-symphony-series-plush_blind-boxes_details_popmart-us_____1200x1200.jpg
Skullpanda,Winter Symphony,Symphony of Wishes,$27.99,1/72,https://prod-america-res.popmart.com/default/20241129_141930_058534____secret_skullpanda-winter-symphony-series-plush_blind-boxes_details_popmart-us_____1200x1200.jpg
Skullpanda,The Mirage,The Puppetry,$23.99,1/9,https://prod-america-res.popmart.com/default/20250328_165418_924133____scene_6_skullpanda_the-mirage-series_blind-boxes_details_popmart-us_____1200x1200.jpg
Skullpanda,The Mirage,The Carousel Lantern,$23.99,1/9,https://prod-america-res.popmart.com/default/20250328_165418_263268____scene_8_skullpanda_the-mirage-series_blind-boxes_details_popmart-us_____1200x1200.jpg
Skullpanda,The Mirage,The Skeleton Fantasy Show,$23.99,1/9,https://prod-america-res.popmart.com/default/20250328_165418_208158____scene_5_skullpanda_the-mirage-series_blind-boxes_details_popmart-us_____1200x1200.jpg
Skullpanda,The Mirage,The Hill Censer,$23.99,1/9,https://prod-america-res.popmart.com/default/20250328_165417_278096____scene_1_skullpanda_the-mirage-series_blind-boxes_details_popmart-us_____1200x1200.jpg
Skullpanda,The Mirage,The Frame,$23.99,1/9,https://prod-america-res.popmart.com/default/20250328_165417_749419____1_skullpanda_the-mirage-series_blind-boxes_details_popmart-us_____1200x1200.jpg
Skullpanda,The Mirage,The Pricket,$23.99,1/9,https://prod-america-res.popmart.com/default/20250328_165418_380872____scene_7_skullpanda_the-mirage-series_blind-boxes_details_popmart-us_____1200x1200.jpg
Skullpanda,The Mirage,The Konghou,$23.99,1/9,https://prod-america-res.popmart.com/default/20250328_165418_633379____scene_3_skullpanda_the-mirage-series_blind-boxes_details_popmart-us_____1200x1200.jpg
Skullpanda,The Mirage,The Pan Flute,$23.99,1/9,https://prod-america-res.popmart.com/default/20250328_165418_157755____scene_4_skullpanda_the-mirage-series_blind-boxes_details_popmart-us_____1200x1200.jpg
Skullpanda,The Mirage,The Ghanta,$23.99,1/9,https://prod-america-res.popmart.com/default/20250328_165417_617086____scene_2_skullpanda_the-mirage-series_blind-boxes_details_popmart-us_____1200x1200.jpg
Skullpanda,The Mirage,The Butterfly Dream,$23.99,1/72,https://prod-america-res.popmart.com/default/20250328_165418_009768____secret_skullpanda_the-mirage-series_blind-boxes_details_popmart-us_____1200x1200.jpg
Hirono,The Other One,Vagrancy,$15.99,1/12,"https://prod-america-res.popmart.com/default/20231102_173451_254996__1200x1200.jpg?x-oss-process=image/resize,p_30,format,webp,format,webp"
Hirono,The Other One,Cuckoo,$15.99,1/12,"https://prod-america-res.popmart.com/default/20231102_173452_656894__1200x1200.jpg?x-oss-process=image/resize,p_30,format,webp,format,webp"
Hirono,The Other One,The Ghost,$15.99,1/12,"https://prod-america-res.popmart.com/default/20231102_173452_203870__1200x1200.jpg?x-oss-process=image/resize,p_30,format,webp,format,webp"
Hirono,The Other One,Nowhere Safe,$15.99,1/12,"https://prod-america-res.popmart.com/default/20231102_173453_438780__1200x1200.jpg?x-oss-process=image/resize,p_30,format,webp,format,webp"
Hirono,The Other One,Raving,$15.99,1/12,"https://prod-america-res.popmart.com/default/20231102_173452_996875__1200x1200.jpg?x-oss-process=image/resize,p_30,format,webp,format,webp"
Hirono,The Other One,Being Alive,$15.99,1/12,"https://prod-america-res.popmart.com/default/20231102_173452_132385__1200x1200.jpg?x-oss-process=image/resize,p_30,format,webp,format,webp"
Hirono,The Other One,The Monster,$15.99,1/12,"https://prod-america-res.popmart.com/default/20231102_173452_703716__1200x1200.jpg?x-oss-process=image/resize,p_30,format,webp,format,webp"
Hirono,The Other One,Amnesia,$15.99,1/12,"https://prod-america-res.popmart.com/default/20231102_173453_681787__1200x1200.jpg?x-oss-process=image/resize,p_30,format,webp,format,webp"
Hirono,The Other One,The Crow,$15.99,1/12,"https://prod-america-res.popmart.com/default/20231102_173452_038216__1200x1200.jpg?x-oss-process=image/resize,p_30,format,webp,format,webp"
Hirono,The Other One,The Fox,$15.99,1/12,"https://prod-america-res.popmart.com/default/20231102_173452_272268__1200x1200.jpg?x-oss-process=image/resize,p_30,format,webp,format,webp"
Hirono,The Other One,Staring,$15.99,1/12,"https://prod-america-res.popmart.com/default/20231102_173452_841417__1200x1200.jpg?x-oss-process=image/resize,p_30,format,webp,format,webp"
Hirono,The Other One,Marionette,$15.99,1/12,https://prod-america-res.popmart.com/default/20231102_173452_766947__1200x1200.jpg
Hirono,The Other One,Dreaming,$15.99,1/144,https://prod-america-res.popmart.com/default/20231102_173452_355865__1200x1200.jpg
Hirono,Mime,Guardian,$15.99,1/12,https://prod-america-res.popmart.com/default/01_G9LEnxwBG8_1200x1200.jpg
Hirono,Mime,Blind,$15.99,1/12,https://prod-america-res.popmart.com/default/02_pydP5q3yab_1200x1200.jpg
Hirono,Mime,Seeker,$15.99,1/12,https://prod-america-res.popmart.com/default/03_kWoxQr6Kic_1200x1200.jpg
Hirono,Mime,Devilry,$15.99,1/12,https://prod-america-res.popmart.com/default/04_vD43gb39cP_1200x1200.jpg
Hirono,Mime,Drifter,$15.99,1/12,https://prod-america-res.popmart.com/default/05_neOOtpjOzL_1200x1200.jpg
Hirono,Mime,Fool,$15.99,1/12,https://prod-america-res.popmart.com/default/06_2ZmnLE2ZsC_1200x1200.jpg
Hirono,Mime,Unspoken,$15.99,1/12,https://prod-america-res.popmart.com/default/07_mRrCfUWSAy_1200x1200.jpg
Hirono,Mime,Patience,$15.99,1/12,https://prod-america-res.popmart.com/default/08_4GYsA00kBp_1200x1200.jpg
Hirono,Mime,Prison,$15.99,1/12,https://prod-america-res.popmart.com/default/09_toocE285SC_1200x1200.jpg
Hirono,Mime,Destroy,$15.99,1/12,https://prod-america-res.popmart.com/default/10_IXc6aKqnXu_1200x1200.jpg
Hirono,Mime,Poem,$15.99,1/12,https://prod-america-res.popmart.com/default/11_MTqImbtjY2_1200x1200.jpg
Hirono,Mime,Secrecy,$15.99,1/12,https://prod-america-res.popmart.com/default/12_S8e0Gg93pd_1200x1200.jpg
Hirono,Mime,Silent,$15.99,1/144,https://prod-america-res.popmart.com/default/secret_9bto0oQeE8_1200x1200.jpg
Hirono,Shelter,Candleholder,$16.99,1/12,https://prod-america-res.popmart.com/default/20240711_142219_320135____hirono-shelter-series-figures-blind-boxes-pop-mart-us-1_____1200x1200.jpg
Hirono,Shelter,Mantel Clock,$16.99,1/12,https://prod-america-res.popmart.com/default/20240711_142219_480357____hirono-shelter-series-figures-blind-boxes-pop-mart-us-2_____1200x1200.jpg
Hirono,Shelter,Poet,$16.99,1/12,https://prod-america-res.popmart.com/default/20240711_142219_226321____hirono-shelter-series-figures-blind-boxes-pop-mart-us-3_____1200x1200.jpg
Hirono,Shelter,Traffic Cone,$16.99,1/12,https://prod-america-res.popmart.com/default/20240711_142219_151079____hirono-shelter-series-figures-blind-boxes-pop-mart-us-4_____1200x1200.jpg
Hirono,Shelter,Fort,$16.99,1/12,https://prod-america-res.popmart.com/default/20240711_142219_378980____hirono-shelter-series-figures-blind-boxes-pop-mart-us-5_____1200x1200.jpg
Hirono,Shelter,Circus,$16.99,1/12,https://prod-america-res.popmart.com/default/20240711_142219_546435____hirono-shelter-series-figures-blind-boxes-pop-mart-us-6_____1200x1200.jpg
Hirono,Shelter,Cabin,$16.99,1/12,https://prod-america-res.popmart.com/default/20240711_142219_160989____hirono-shelter-series-figures-blind-boxes-pop-mart-us-7_____1200x1200.jpg
Hirono,Shelter,Birdy,$16.99,1/12,https://prod-america-res.popmart.com/default/20240711_142219_865890____hirono-shelter-series-figures-blind-boxes-pop-mart-us-8_____1200x1200.jpg
Hirono,Shelter,Alien,$16.99,1/12,https://prod-america-res.popmart.com/default/20240711_142219_825311____hirono-shelter-series-figures-blind-boxes-pop-mart-us-9_____1200x1200.jpg
Hirono,Shelter,Warrior,$16.99,1/12,https://prod-america-res.popmart.com/default/20240711_142219_839105____hirono-shelter-series-figures-blind-boxes-pop-mart-us-10_____1200x1200.jpg
Hirono,Shelter,Sunny Doll,$16.99,1/12,https://prod-america-res.popmart.com/default/20240711_142219_817677____hirono-shelter-series-figures-blind-boxes-pop-mart-us-11_____1200x1200.jpg
Hirono,Shelter,Birdcage,$16.99,1/12,https://prod-america-res.popmart.com/default/20240711_142219_744882____hirono-shelter-series-figures-blind-boxes-pop-mart-us-12_____1200x1200.jpg
Hirono,Shelter,Stuffed Bear,$16.99,1/144,https://prod-america-res.popmart.com/default/20240711_142219_681091____hirono-shelter-series-figures-blind-boxes-pop-mart-us-secret_____1200x1200.jpg
Hirono,Le Petit Prince,The King,$16.99,1/12,https://prod-america-res.popmart.com/default/20241012_170523_285993____hirono-x-le-petit-prince-series-figures-blind-boxes-pop-mart-us-1_____1200x1200.jpg
Hirono,Le Petit Prince,The Conceited Man,$16.99,1/12,https://prod-america-res.popmart.com/default/20241012_170523_890418____hirono-x-le-petit-prince-series-figures-blind-boxes-pop-mart-us-2_____1200x1200.jpg
Hirono,Le Petit Prince,The Tippler,$16.99,1/12,https://prod-america-res.popmart.com/default/20241012_170523_003774____hirono-x-le-petit-prince-series-figures-blind-boxes-pop-mart-us-3_____1200x1200.jpg
Hirono,Le Petit Prince,The Businessman,$16.99,1/12,https://prod-america-res.popmart.com/default/20241012_170523_092860____hirono-x-le-petit-prince-series-figures-blind-boxes-pop-mart-us-4_____1200x1200.jpg
Hirono,Le Petit Prince,The Lamplighter,$16.99,1/12,https://prod-america-res.popmart.com/default/20241012_170523_316842____hirono-x-le-petit-prince-series-figures-blind-boxes-pop-mart-us-5_____1200x1200.jpg
Hirono,Le Petit Prince,The Geographer,$16.99,1/12,https://prod-america-res.popmart.com/default/20241012_170523_147567____hirono-x-le-petit-prince-series-figures-blind-boxes-pop-mart-us-6_____1200x1200.jpg
Hirono,Le Petit Prince,The Switchman,$16.99,1/12,https://prod-america-res.popmart.com/default/20241012_170523_902566____hirono-x-le-petit-prince-series-figures-blind-boxes-pop-mart-us-7_____1200x1200.jpg
Hirono,Le Petit Prince,The Fox,$16.99,1/12,https://prod-america-res.popmart.com/default/20241012_170523_395249____hirono-x-le-petit-prince-series-figures-blind-boxes-pop-mart-us-8_____1200x1200.jpg
Hirono,Le Petit Prince,The Rose,$16.99,1/12,https://prod-america-res.popmart.com/default/20241012_170524_151935____hirono-x-le-petit-prince-series-figures-blind-boxes-pop-mart-us-9_____1200x1200.jpg
Hirono,Le Petit Prince,The Snake,$16.99,1/12,https://prod-america-res.popmart.com/default/20241012_170523_800647____hirono-x-le-petit-prince-series-figures-blind-boxes-pop-mart-us-10_____1200x1200.jpg
Hirono,Le Petit Prince,The Little Prince,$16.99,1/12,https://prod-america-res.popmart.com/default/20241012_170523_562726____hirono-x-le-petit-prince-series-figures-blind-boxes-pop-mart-us-11_____1200x1200.jpg
Hirono,Le Petit Prince,The Merchant,$16.99,1/12,https://prod-america-res.popmart.com/default/20241012_170523_900678____hirono-x-le-petit-prince-series-figures-blind-boxes-pop-mart-us-12_____1200x1200.jpg
Hirono,Le Petit Prince,The Pilot,$16.99,1/72,https://prod-america-res.popmart.com/default/20241012_170523_393205____hirono-x-le-petit-prince-series-figures-blind-boxes-pop-mart-us-secret-1_____1200x1200.jpg
Hirono,Le Petit Prince,The Little Prince: Super Secret,$16.99,1/144,https://prod-america-res.popmart.com/default/20241012_170523_702367____hirono-x-le-petit-prince-series-figures-blind-boxes-pop-mart-us-secret-2_____1200x1200.jpg
Hirono,CLOT,Yin-yang,$16.99,1/6,https://prod-america-res.popmart.com/default/20241205_102228_234994____1_hirono-clot-series-figures_blind-boxes_details_popmart-us_____1200x1200.jpg
Hirono,CLOT,Kung Fu,$16.99,1/6,https://prod-america-res.popmart.com/default/20241205_102228_779571____2_hirono-clot-series-figures_blind-boxes_details_popmart-us_____1200x1200.jpg
Hirono,CLOT,Alienegra,$16.99,1/6,https://prod-america-res.popmart.com/default/20241205_102228_694419____3_hirono-clot-series-figures_blind-boxes_details_popmart-us_____1200x1200.jpg
Hirono,CLOT,Chinese,$16.99,1/6,https://prod-america-res.popmart.com/default/20241205_102228_436391____4_hirono-clot-series-figures_blind-boxes_details_popmart-us_____1200x1200.jpg
Hirono,CLOT,Terracotta Army,$16.99,1/6,https://prod-america-res.popmart.com/default/20241205_102228_580213____5_hirono-clot-series-figures_blind-boxes_details_popmart-us_____1200x1200.jpg
Hirono,CLOT,Silk Royale,$16.99,1/6,https://prod-america-res.popmart.com/default/20241205_102228_435405____6_hirono-clot-series-figures_blind-boxes_details_popmart-us_____1200x1200.jpg
Hirono,CLOT,Ning Ning,$16.99,1/72,https://prod-america-res.popmart.com/default/20241205_102228_255705____secret_hirono-clot-series-figures_blind-boxes_details_popmart-us_____1200x1200.jpg
Hirono,Echo,Hiding Behind You,$18.99,1/12,https://prod-america-res.popmart.com/default/20250403_151942_114966____12_hirono-echo-series-figures_blind-boxes_details_popmart-us_____1200x1200.jpg
Hirono,Echo,Daydreaming,$18.99,1/12,https://prod-america-res.popmart.com/default/20250403_151942_693869____4_hirono-echo-series-figures_blind-boxes_details_popmart-us_____1200x1200.jpg
Hirono,Echo,Journey in the Rain,$18.99,1/12,https://prod-america-res.popmart.com/default/20250403_151942_903108____3_hirono-echo-series-figures_blind-boxes_details_popmart-us_____1200x1200.jpg
Hirono,Echo,Get Lucky,$18.99,1/12,https://prod-america-res.popmart.com/default/20250403_151942_169609____5_hirono-echo-series-figures_blind-boxes_details_popmart-us_____1200x1200.jpg
Hirono,Echo,Back Off,$18.99,1/12,https://prod-america-res.popmart.com/default/20250403_151942_209961____9_hirono-echo-series-figures_blind-boxes_details_popmart-us_____1200x1200.jpg
Hirono,Echo,Breakout Plan,$18.99,1/12,https://prod-america-res.popmart.com/default/20250403_151942_712603____7_hirono-echo-series-figures_blind-boxes_details_popmart-us_____1200x1200.jpg
Hirono,Echo,Pieces of Memory,$18.99,1/12,https://prod-america-res.popmart.com/default/20250403_151942_695352____6_hirono-echo-series-figures_blind-boxes_details_popmart-us_____1200x1200.jpg
Hirono,Echo,Soul Connection,$18.99,1/12,https://prod-america-res.popmart.com/default/20250403_151942_379322____2_hirono-echo-series-figures_blind-boxes_details_popmart-us_____1200x1200.jpg
Hirono,Echo,Staying Up,$18.99,1/12,https://prod-america-res.popmart.com/default/20250403_151942_113194____8_hirono-echo-series-figures_blind-boxes_details_popmart-us_____1200x1200.jpg
Hirono,Echo,Knight,$18.99,1/12,https://prod-america-res.popmart.com/default/20250403_151942_945705____1_hirono-echo-series-figures_blind-boxes_details_popmart-us_____1200x1200.jpg
Hirono,Echo,Eaten,$18.99,1/12,https://prod-america-res.popmart.com/default/20250403_151942_819900____10_hirono-echo-series-figures_blind-boxes_details_popmart-us_____1200x1200.jpg
Hirono,Echo,Caught You,$18.99,1/12,"https://prod-america-res.popmart.com/default/20250403_162543_356155____17_-hirono-echo-series-figures_blind-boxes_details_popmart-us_____1200x1809.jpg?x-oss-process=image/format,webp"
Hirono,Echo,Never Growing Up,$18.99,1/144,https://prod-america-res.popmart.com/default/20250403_151942_168604____secret_hirono-echo-series-figures_blind-boxes_details_popmart-us_____1200x1200.jpg